"Alto Vista Chapel","List_of_Arubans"
"Arikok National Park","List_of_Arubans"
"Ayo and Casibari Rock Formations","List_of_Arubans"
"Bushiribana and Balashi","List_of_Arubans"
"California Lighthouse","List_of_Arubans"
"Frenchman's Pass","List_of_Arubans"
"Hooiberg","List_of_Arubans"
"Lourdes Grotto","List_of_Arubans"
"Mount Jamanota","List_of_Arubans"
"Natural Bridge","List_of_Arubans"
"Natural Pool","List_of_Arubans"
"Quadiriki Caves","List_of_Arubans"
"Sint Nicolaas","List_of_Arubans"
"Tierra Del Sol Golf Course","List_of_Arubans"
"Arashi Beach","List_of_Arubans"
"Baby Beach","List_of_Arubans"
"Caves of Aruba","List_of_Arubans"
"Eagle Beach","List_of_Arubans"
"Palm Beach","List_of_Arubans"
"Palm Island","List_of_Arubans"
"Rodgers Beach","List_of_Arubans"
"Dave Benton","List_of_Arubans"
"Alfonso Boekhoudt","List_of_Arubans"
"Xander Bogaerts","List_of_Arubans"
"Betico Croes","List_of_Arubans"
"Henny Eman","List_of_Arubans"
"Mike Eman","List_of_Arubans"
"Bobby Farrell","List_of_Arubans"
"Frans Figaroa","List_of_Arubans"
"Henry Habibe","List_of_Arubans"
"Andrew Holleran","List_of_Arubans"
"Olindo Koolman","List_of_Arubans"
"Jossy Mansur","List_of_Arubans"
"Nelson Oduber","List_of_Arubans"
"Sidney Ponson","List_of_Arubans"
"Fredis Refunjol","List_of_Arubans"
"Julia Renfro","List_of_Arubans"
"Jeannette Richardson-Baars","List_of_Arubans"
"Felipe Tromp","List_of_Arubans"
"Evelyn Wever-Croes","List_of_Arubans"