"Argentine Americans","List_of_Chilean_Americans"
"Bolivian Americans","List_of_Chilean_Americans"
"Brazilian Americans","List_of_Chilean_Americans"
"Chilean Americans","List_of_Chilean_Americans"
"Colombian Americans","List_of_Chilean_Americans"
"Costa Rican Americans","List_of_Chilean_Americans"
"Cuban Americans","List_of_Chilean_Americans"
"Dominican Americans","List_of_Chilean_Americans"
"Ecuadorian Americans","List_of_Chilean_Americans"
"Guatemalan Americans","List_of_Chilean_Americans"
"Honduran Americans","List_of_Chilean_Americans"
"Mexican Americans","List_of_Chilean_Americans"
"Nicaraguan Americans","List_of_Chilean_Americans"
"Panamanian Americans","List_of_Chilean_Americans"
"Paraguayan Americans","List_of_Chilean_Americans"
"Peruvian Americans","List_of_Chilean_Americans"
"Puerto Ricans (stateside)","List_of_Chilean_Americans"
"Salvadoran Americans","List_of_Chilean_Americans"
"Spanish Americanss","List_of_Chilean_Americans"
"Uruguayan Americans","List_of_Chilean_Americans"
"Venezuelan Americans","List_of_Chilean_Americans"
"History of Hispanic and Latino Americans","List_of_Chilean_Americans"
"History of Mexican Americans","List_of_Chilean_Americans"
"castizo","List_of_Chilean_Americans"
"cholo","List_of_Chilean_Americans"
"criollo","List_of_Chilean_Americans"
"mestizo","List_of_Chilean_Americans"
"mulato","List_of_Chilean_Americans"
"pardo","List_of_Chilean_Americans"
"zambo","List_of_Chilean_Americans"
"Chicano Movement","List_of_Chilean_Americans"
"Hispanic and Latino American politics","List_of_Chilean_Americans"
"Association of Hispanic Arts","List_of_Chilean_Americans"
"Congressional Hispanic Caucus","List_of_Chilean_Americans"
"Congressional Hispanic Conference","List_of_Chilean_Americans"
"LULAC","List_of_Chilean_Americans"
"MALDEF","List_of_Chilean_Americans"
"MEChA","List_of_Chilean_Americans"
"NALEO","List_of_Chilean_Americans"
"NALFO","List_of_Chilean_Americans"
"National Council of La Raza","List_of_Chilean_Americans"
"National Hispanic Institute","List_of_Chilean_Americans"
"RNHA","List_of_Chilean_Americans"
"SHPE","List_of_Chilean_Americans"
"UFW","List_of_Chilean_Americans"
"USHCC","List_of_Chilean_Americans"
"Literature","List_of_Chilean_Americans"
"Music","List_of_Chilean_Americans"
"Religion","List_of_Chilean_Americans"
"Studies","List_of_Chilean_Americans"
"Belizean Americans","List_of_Chilean_Americans"
"Brazilian Americans","List_of_Chilean_Americans"
"Filipino Americans","List_of_Chilean_Americans"
"Guyanese Americans","List_of_Chilean_Americans"
"Haitian Americans","List_of_Chilean_Americans"
"Portuguese Americans","List_of_Chilean_Americans"
"Spanish Americans","List_of_Chilean_Americans"
"Surinamese Americans","List_of_Chilean_Americans"
"English","List_of_Chilean_Americans"
"Spanglish","List_of_Chilean_Americans"
"Spanish","List_of_Chilean_Americans"
"Cuban Spanish","List_of_Chilean_Americans"
"United States","List_of_Chilean_Americans"
"New Mexican","List_of_Chilean_Americans"
"Puerto Rican","List_of_Chilean_Americans"
"Californio","List_of_Chilean_Americans"
"Chicano","List_of_Chilean_Americans"
"Hispano","List_of_Chilean_Americans"
"Isleño","List_of_Chilean_Americans"
"Nuevomexicano","List_of_Chilean_Americans"
"Nuyorican","List_of_Chilean_Americans"
"Tejano","List_of_Chilean_Americans"
"Communities with Hispanic majority","List_of_Chilean_Americans"
"Hispanic and Latino Americans","List_of_Chilean_Americans"
"Puerto Rico","List_of_Chilean_Americans"
"Related topics","List_of_Chilean_Americans"
"California","List_of_Chilean_Americans"
"Florida","List_of_Chilean_Americans"
"New York","List_of_Chilean_Americans"
"New Jersey","List_of_Chilean_Americans"
"Texas","List_of_Chilean_Americans"
"Virginia","List_of_Chilean_Americans"
"Maryland","List_of_Chilean_Americans"
"Utah","List_of_Chilean_Americans"
"Massachusetts","List_of_Chilean_Americans"
"Illinois","List_of_Chilean_Americans"
"New York-Northern New Jersey-Long Island","List_of_Chilean_Americans"
"Miami-Fort Lauderdale-Pompano Beach","List_of_Chilean_Americans"
"Los Angeles-Long Beach-Santa Ana","List_of_Chilean_Americans"
"Washington-Arlington-Alexandria","List_of_Chilean_Americans"
"San Francisco-Oakland-Fremont","List_of_Chilean_Americans"
"Boston-Cambridge-Quincy","List_of_Chilean_Americans"
"Houston-Sugar Land-Baytown","List_of_Chilean_Americans"
"Chicago-Joliet-Naperville","List_of_Chilean_Americans"
"Riverside-San Bernardino-Ontario","List_of_Chilean_Americans"
"Orlando-Kissimmee-Sanford","List_of_Chilean_Americans"
"Atlanta-Sandy Springs-Marietta","List_of_Chilean_Americans"
"Seattle-Tacoma-Bellevue","List_of_Chilean_Americans"
"San Diego-Carlsbad-San Marcos","List_of_Chilean_Americans"
"Dallas-Fort Worth-Arlington","List_of_Chilean_Americans"
"Philadelphia-Camden-Wilmington","List_of_Chilean_Americans"
"Salt Lake City","List_of_Chilean_Americans"
"San Jose-Sunnyvale-Santa Clara","List_of_Chilean_Americans"
"Las Vegas-Paradise","List_of_Chilean_Americans"
"Tampa-St. Petersburg-Clearwater","List_of_Chilean_Americans"
"Phoenix-Mesa-Glendale","List_of_Chilean_Americans"
"New York City","List_of_Chilean_Americans"
"Los Angeles","List_of_Chilean_Americans"
"Miami","List_of_Chilean_Americans"
"Houston","List_of_Chilean_Americans"
"San Diego","List_of_Chilean_Americans"
"San Francisco","List_of_Chilean_Americans"
"Miami Beach","List_of_Chilean_Americans"
"Washington","List_of_Chilean_Americans"
"San Jose","List_of_Chilean_Americans"
"Doral","List_of_Chilean_Americans"
"Kendall","List_of_Chilean_Americans"
"Hialeah","List_of_Chilean_Americans"
"The Hammocks","List_of_Chilean_Americans"
"Pembroke Pines","List_of_Chilean_Americans"
"Fontainebleau","List_of_Chilean_Americans"
"Hollywood","List_of_Chilean_Americans"
"Kendale Lakes","List_of_Chilean_Americans"
"Las Vegas","List_of_Chilean_Americans"
"Boston","List_of_Chilean_Americans"
"San Antonio","List_of_Chilean_Americans"
"Union City","List_of_Chilean_Americans"
"Charlotte","List_of_Chilean_Americans"
"Philadelphia","List_of_Chilean_Americans"
"Coral Springs","List_of_Chilean_Americans"
"Miramar","List_of_Chilean_Americans"
"Brookeville","List_of_Chilean_Americans"
"Manorhaven","List_of_Chilean_Americans"
"Oyster Bay","List_of_Chilean_Americans"
"Warm Springs","List_of_Chilean_Americans"
"Dover","List_of_Chilean_Americans"
"Key Biscayne","List_of_Chilean_Americans"
"Sleepy Hollow","List_of_Chilean_Americans"
"Forest Home","List_of_Chilean_Americans"
"Doral","List_of_Chilean_Americans"
"Victory Gardens","List_of_Chilean_Americans"
"Wharton","List_of_Chilean_Americans"
"The Crossings","List_of_Chilean_Americans"
"The Hammocks","List_of_Chilean_Americans"
"Inwood","List_of_Chilean_Americans"
"North Lynbrook","List_of_Chilean_Americans"
"Alexa Guarachi","List_of_Chilean_Americans"
"Los Abandoned","List_of_Chilean_Americans"
"Marjorie Agosín","List_of_Chilean_Americans"
"Fernando Alegria","List_of_Chilean_Americans"
"Marsia Alexander-Clarke","List_of_Chilean_Americans"
"Isabel Allende","List_of_Chilean_Americans"
"Fernando Alvarez","List_of_Chilean_Americans"
"Cayetano Apablasa","List_of_Chilean_Americans"
"Tom Araya","List_of_Chilean_Americans"
"Claudio Arrau","List_of_Chilean_Americans"
"Felipe Bazar","List_of_Chilean_Americans"
"Nico Bodonczy","List_of_Chilean_Americans"
"Diaz Brothers","List_of_Chilean_Americans"
"Santiago Cabrera","List_of_Chilean_Americans"
"Charissa Chamorro","List_of_Chilean_Americans"
"Beto Cuevas","List_of_Chilean_Americans"
"Cristian de la Fuente","List_of_Chilean_Americans"
"Patricia Demick","List_of_Chilean_Americans"
"Ruperto Donoso","List_of_Chilean_Americans"
"Ariel Dorfman","List_of_Chilean_Americans"
"Juan Downey","List_of_Chilean_Americans"
"Frank J. Duarte","List_of_Chilean_Americans"
"Matias Duarte","List_of_Chilean_Americans"
"Sebastian Edwards","List_of_Chilean_Americans"
"Julio M. Fernandez","List_of_Chilean_Americans"
"Pablo Francisco","List_of_Chilean_Americans"
"Alberto Fuguet","List_of_Chilean_Americans"
"Thelma Furness","List_of_Chilean_Americans"
"Jorge Garcia","List_of_Chilean_Americans"
"Lisa Guerrero","List_of_Chilean_Americans"
"Claudio Guzmán","List_of_Chilean_Americans"
"Fareed Haque","List_of_Chilean_Americans"
"Alfredo Jaar","List_of_Chilean_Americans"
"Alain Johannes","List_of_Chilean_Americans"
"Paulina Kernberg","List_of_Chilean_Americans"
"Mario Kreutzberger","List_of_Chilean_Americans"
"Benny Mardones","List_of_Chilean_Americans"
"Roberto Matta","List_of_Chilean_Americans"
"Gordon Matta-Clark","List_of_Chilean_Americans"
"Claudio Miranda","List_of_Chilean_Americans"
"Gabriela Mistral","List_of_Chilean_Americans"
"Daniella Monet","List_of_Chilean_Americans"
"Ricardo A. Olea","List_of_Chilean_Americans"
"Cote de Pablo","List_of_Chilean_Americans"
"Frank Pando","List_of_Chilean_Americans"
"Pedro Pascal","List_of_Chilean_Americans"
"Nicole Polizzi","List_of_Chilean_Americans"
"Jose Quiroga","List_of_Chilean_Americans"
"Horatio Sanz","List_of_Chilean_Americans"
"Elizabeth Schall","List_of_Chilean_Americans"
"Elizabeth Subercaseaux","List_of_Chilean_Americans"
"Steve Thurston","List_of_Chilean_Americans"
"Mercedes Valdivieso","List_of_Chilean_Americans"
"Arturo Valenzuela","List_of_Chilean_Americans"
"Francisca Valenzuela","List_of_Chilean_Americans"
"Gloria Morgan Vanderbilt","List_of_Chilean_Americans"
"Leonor Varela","List_of_Chilean_Americans"
"Andres Velasco","List_of_Chilean_Americans"
"Alexander Witt","List_of_Chilean_Americans"
"Demographics of Chile","List_of_Chilean_Americans"
"Chileans in the United Kingdom","List_of_Chilean_Americans"
"Chilean Australian","List_of_Chilean_Americans"
"Argentina","List_of_Chilean_Americans"
"Australia","List_of_Chilean_Americans"
"Brazil","List_of_Chilean_Americans"
"Canada","List_of_Chilean_Americans"
"Falkland Islands","List_of_Chilean_Americans"
"France","List_of_Chilean_Americans"
"Mexico","List_of_Chilean_Americans"
"Sweden","List_of_Chilean_Americans"
"United Kingdom","List_of_Chilean_Americans"
"United States","List_of_Chilean_Americans"
"Uruguay","List_of_Chilean_Americans"
"Venezuela","List_of_Chilean_Americans"
"Cuban","List_of_Chilean_Americans"
"Dominican","List_of_Chilean_Americans"
"Puerto Rican","List_of_Chilean_Americans"
"Nuyorican","List_of_Chilean_Americans"
"Hispano","List_of_Chilean_Americans"
"Californio","List_of_Chilean_Americans"
"Nuevomexicano","List_of_Chilean_Americans"
"Tejano","List_of_Chilean_Americans"
"Creoles of Louisiana","List_of_Chilean_Americans"
"Isleño","List_of_Chilean_Americans"
"Mexican","List_of_Chilean_Americans"
"Chicano","List_of_Chilean_Americans"
"Indigenous Mexican","List_of_Chilean_Americans"
"Punjabi","List_of_Chilean_Americans"
"Costa Rican","List_of_Chilean_Americans"
"Guatemalan","List_of_Chilean_Americans"
"Honduran","List_of_Chilean_Americans"
"Nicaraguan","List_of_Chilean_Americans"
"Panamanian","List_of_Chilean_Americans"
"Salvadoran","List_of_Chilean_Americans"
"Argentine","List_of_Chilean_Americans"
"Bolivian","List_of_Chilean_Americans"
"Brazilian","List_of_Chilean_Americans"
"Colombian","List_of_Chilean_Americans"
"Ecuadorian","List_of_Chilean_Americans"
"Paraguayan","List_of_Chilean_Americans"
"Peruvian","List_of_Chilean_Americans"
"Uruguayan","List_of_Chilean_Americans"
"Venezuelan","List_of_Chilean_Americans"
"Spanish","List_of_Chilean_Americans"
"Asturian","List_of_Chilean_Americans"
"Basque","List_of_Chilean_Americans"
"Catalan","List_of_Chilean_Americans"
"Canarian","List_of_Chilean_Americans"
"Galician","List_of_Chilean_Americans"
"Jews","List_of_Chilean_Americans"
"All groups","List_of_Chilean_Americans"
"Amerindian","List_of_Chilean_Americans"
"Asian","List_of_Chilean_Americans"
"Punjabi","List_of_Chilean_Americans"
"Black","List_of_Chilean_Americans"
"White","List_of_Chilean_Americans"
"Multiracial","List_of_Chilean_Americans"
"Quadroon","List_of_Chilean_Americans"
"Castizo","List_of_Chilean_Americans"
"Mestizo","List_of_Chilean_Americans"
"Mulatto","List_of_Chilean_Americans"
"Pardo","List_of_Chilean_Americans"
"Zambo","List_of_Chilean_Americans"
"American English","List_of_Chilean_Americans"
"Chicano","List_of_Chilean_Americans"
"New Mexican","List_of_Chilean_Americans"
"New York Latino","List_of_Chilean_Americans"
"Spanish","List_of_Chilean_Americans"
"New Mexican Spanish","List_of_Chilean_Americans"
"Spanglish","List_of_Chilean_Americans"
"Portuguese","List_of_Chilean_Americans"
"Christians","List_of_Chilean_Americans"
"Garifuna","List_of_Chilean_Americans"
"Jews","List_of_Chilean_Americans"
"Muslims","List_of_Chilean_Americans"
"Belizean","List_of_Chilean_Americans"
"Filipino","List_of_Chilean_Americans"
"Guyanese","List_of_Chilean_Americans"
"Haitian","List_of_Chilean_Americans"
"Portuguese","List_of_Chilean_Americans"
"Surinamese","List_of_Chilean_Americans"
"Chilean American","List_of_Chilean_Americans"
