"French","List_of_Ivorian_Americans"
"Senegalese American","List_of_Ivorian_Americans"
"Guinean American","List_of_Ivorian_Americans"
"Malian American","List_of_Ivorian_Americans"
"Dave Chappelle","List_of_Ivorian_Americans"
"Roland Hayes","List_of_Ivorian_Americans"
"Amos Zereou√©","List_of_Ivorian_Americans"
"Maki Tall","List_of_Ivorian_Americans"
"Isaach De Bankole","List_of_Ivorian_Americans"
"Bambadjan Bamba","List_of_Ivorian_Americans"
"Algerian","List_of_Ivorian_Americans"
"Berber","List_of_Ivorian_Americans"
"Canarian","List_of_Ivorian_Americans"
"Coptic","List_of_Ivorian_Americans"
"Egyptian","List_of_Ivorian_Americans"
"Libyan","List_of_Ivorian_Americans"
"Mauritanian","List_of_Ivorian_Americans"
"Moroccan","List_of_Ivorian_Americans"
"Sudanese","List_of_Ivorian_Americans"
"Tunisian","List_of_Ivorian_Americans"
"Eritrean","List_of_Ivorian_Americans"
"Ethiopian","List_of_Ivorian_Americans"
"Somali","List_of_Ivorian_Americans"
"Bantu in Maine","List_of_Ivorian_Americans"
"Kenyan","List_of_Ivorian_Americans"
"South Sudanese","List_of_Ivorian_Americans"
"Tanzanian","List_of_Ivorian_Americans"
"Ugandan","List_of_Ivorian_Americans"
"Angolan","List_of_Ivorian_Americans"
"Malawian","List_of_Ivorian_Americans"
"South African","List_of_Ivorian_Americans"
"Zimbabwean","List_of_Ivorian_Americans"
"Cameroonian","List_of_Ivorian_Americans"
"Congolese","List_of_Ivorian_Americans"
"Equatoguinean","List_of_Ivorian_Americans"
"Gabonese","List_of_Ivorian_Americans"
"Beninese","List_of_Ivorian_Americans"
"Cape Verdean","List_of_Ivorian_Americans"
"Gambian","List_of_Ivorian_Americans"
"Ghanaian","List_of_Ivorian_Americans"
"Guinean","List_of_Ivorian_Americans"
"Bissau-Guinean","List_of_Ivorian_Americans"
"Liberian","List_of_Ivorian_Americans"
"Malian","List_of_Ivorian_Americans"
"Nigerian","List_of_Ivorian_Americans"
"Senegalese","List_of_Ivorian_Americans"
"Sierra Leonean","List_of_Ivorian_Americans"
"Togolese","List_of_Ivorian_Americans"
"Berber","List_of_Ivorian_Americans"
"Coptic","List_of_Ivorian_Americans"
"Fula","List_of_Ivorian_Americans"
"Igbo","List_of_Ivorian_Americans"
"Yoruba","List_of_Ivorian_Americans"
"American people of Ivorian descent","List_of_Ivorian_Americans"
