"New Jersey","List_of_Peruvian_Americans"
"New York City","List_of_Peruvian_Americans"
"Miami","List_of_Peruvian_Americans"
"Los Angeles","List_of_Peruvian_Americans"
"Washington Metropolitan Area","List_of_Peruvian_Americans"
"American English","List_of_Peruvian_Americans"
"Argentine Americans","List_of_Peruvian_Americans"
"Bolivian Americans","List_of_Peruvian_Americans"
"Brazilian Americans","List_of_Peruvian_Americans"
"Chilean Americans","List_of_Peruvian_Americans"
"Colombian Americans","List_of_Peruvian_Americans"
"Costa Rican Americans","List_of_Peruvian_Americans"
"Cuban Americans","List_of_Peruvian_Americans"
"Dominican Americans","List_of_Peruvian_Americans"
"Ecuadorian Americans","List_of_Peruvian_Americans"
"Guatemalan Americans","List_of_Peruvian_Americans"
"Honduran Americans","List_of_Peruvian_Americans"
"Mexican Americans","List_of_Peruvian_Americans"
"Nicaraguan Americans","List_of_Peruvian_Americans"
"Panamanian Americans","List_of_Peruvian_Americans"
"Paraguayan Americans","List_of_Peruvian_Americans"
"Peruvian Americans","List_of_Peruvian_Americans"
"Puerto Ricans (stateside)","List_of_Peruvian_Americans"
"Salvadoran Americans","List_of_Peruvian_Americans"
"Spanish Americanss","List_of_Peruvian_Americans"
"Uruguayan Americans","List_of_Peruvian_Americans"
"Venezuelan Americans","List_of_Peruvian_Americans"
"History of Hispanic and Latino Americans","List_of_Peruvian_Americans"
"History of Mexican Americans","List_of_Peruvian_Americans"
"castizo","List_of_Peruvian_Americans"
"cholo","List_of_Peruvian_Americans"
"criollo","List_of_Peruvian_Americans"
"mestizo","List_of_Peruvian_Americans"
"mulato","List_of_Peruvian_Americans"
"pardo","List_of_Peruvian_Americans"
"zambo","List_of_Peruvian_Americans"
"Chicano Movement","List_of_Peruvian_Americans"
"Hispanic and Latino American politics","List_of_Peruvian_Americans"
"Association of Hispanic Arts","List_of_Peruvian_Americans"
"Congressional Hispanic Caucus","List_of_Peruvian_Americans"
"Congressional Hispanic Conference","List_of_Peruvian_Americans"
"LULAC","List_of_Peruvian_Americans"
"MALDEF","List_of_Peruvian_Americans"
"MEChA","List_of_Peruvian_Americans"
"NALEO","List_of_Peruvian_Americans"
"NALFO","List_of_Peruvian_Americans"
"National Council of La Raza","List_of_Peruvian_Americans"
"National Hispanic Institute","List_of_Peruvian_Americans"
"RNHA","List_of_Peruvian_Americans"
"SHPE","List_of_Peruvian_Americans"
"UFW","List_of_Peruvian_Americans"
"USHCC","List_of_Peruvian_Americans"
"Literature","List_of_Peruvian_Americans"
"Music","List_of_Peruvian_Americans"
"Religion","List_of_Peruvian_Americans"
"Studies","List_of_Peruvian_Americans"
"Belizean Americans","List_of_Peruvian_Americans"
"Brazilian Americans","List_of_Peruvian_Americans"
"Filipino Americans","List_of_Peruvian_Americans"
"Guyanese Americans","List_of_Peruvian_Americans"
"Haitian Americans","List_of_Peruvian_Americans"
"Portuguese Americans","List_of_Peruvian_Americans"
"Spanish Americans","List_of_Peruvian_Americans"
"Surinamese Americans","List_of_Peruvian_Americans"
"English","List_of_Peruvian_Americans"
"Spanglish","List_of_Peruvian_Americans"
"Spanish","List_of_Peruvian_Americans"
"Cuban Spanish","List_of_Peruvian_Americans"
"United States","List_of_Peruvian_Americans"
"New Mexican","List_of_Peruvian_Americans"
"Puerto Rican","List_of_Peruvian_Americans"
"Californio","List_of_Peruvian_Americans"
"Chicano","List_of_Peruvian_Americans"
"Hispano","List_of_Peruvian_Americans"
"Isleño","List_of_Peruvian_Americans"
"Nuevomexicano","List_of_Peruvian_Americans"
"Nuyorican","List_of_Peruvian_Americans"
"Tejano","List_of_Peruvian_Americans"
"Communities with Hispanic majority","List_of_Peruvian_Americans"
"Hispanic and Latino Americans","List_of_Peruvian_Americans"
"Puerto Rico","List_of_Peruvian_Americans"
"Related topics","List_of_Peruvian_Americans"
"Florida","List_of_Peruvian_Americans"
"California","List_of_Peruvian_Americans"
"New Jersey","List_of_Peruvian_Americans"
"New York","List_of_Peruvian_Americans"
"Virginia","List_of_Peruvian_Americans"
"Texas","List_of_Peruvian_Americans"
"Maryland","List_of_Peruvian_Americans"
"Connecticut","List_of_Peruvian_Americans"
"Georgia","List_of_Peruvian_Americans"
"Illinois","List_of_Peruvian_Americans"
"East Newark","List_of_Peruvian_Americans"
"Harrison","List_of_Peruvian_Americans"
"Paterson","List_of_Peruvian_Americans"
"Kearny","List_of_Peruvian_Americans"
"The Hammocks","List_of_Peruvian_Americans"
"Port Chester","List_of_Peruvian_Americans"
"Virginia Gardens","List_of_Peruvian_Americans"
"Prospect Park","List_of_Peruvian_Americans"
"Bay Harbor Islands","List_of_Peruvian_Americans"
"Doral","List_of_Peruvian_Americans"
"Haledon","List_of_Peruvian_Americans"
"Garfield","List_of_Peruvian_Americans"
"Union City","List_of_Peruvian_Americans"
"Passaic","List_of_Peruvian_Americans"
"White Plains","List_of_Peruvian_Americans"
"Elizabeth","List_of_Peruvian_Americans"
"Rye","List_of_Peruvian_Americans"
"Ojus","List_of_Peruvian_Americans"
"Clifton","List_of_Peruvian_Americans"
"Elmsford","List_of_Peruvian_Americans"
"Perth Amboy","List_of_Peruvian_Americans"
"North Bay Village","List_of_Peruvian_Americans"
"Kendale Lakes","List_of_Peruvian_Americans"
"Kendall","List_of_Peruvian_Americans"
"Jorge Andres","List_of_Peruvian_Americans"
"Alexis Amore","List_of_Peruvian_Americans"
"Alex Acuña","List_of_Peruvian_Americans"
"Ani Palacios","List_of_Peruvian_Americans"
"Daniel Alarcón","List_of_Peruvian_Americans"
"Daniella Alonso","List_of_Peruvian_Americans"
"Marie Arana","List_of_Peruvian_Americans"
"Miguel Arteta","List_of_Peruvian_Americans"
"Anthony Atala","List_of_Peruvian_Americans"
"Juan Bandini","List_of_Peruvian_Americans"
"Mandalit del Barco","List_of_Peruvian_Americans"
"Amber Barretto","List_of_Peruvian_Americans"
"David Bernal","List_of_Peruvian_Americans"
"Benjamin Bratt","List_of_Peruvian_Americans"
"Pepe Barreto","List_of_Peruvian_Americans"
"Miguel Harth-Bedoya","List_of_Peruvian_Americans"
"Jorge Benitez","List_of_Peruvian_Americans"
"Lorenzo O'Brien","List_of_Peruvian_Americans"
"Carlos Bustamante","List_of_Peruvian_Americans"
"Julio C. Canani","List_of_Peruvian_Americans"
"David Torrence","List_of_Peruvian_Americans"
"Roberto Carcelen","List_of_Peruvian_Americans"
"Carmen Carrera","List_of_Peruvian_Americans"
"Carlos Castaneda","List_of_Peruvian_Americans"
"Diego Chávarri","List_of_Peruvian_Americans"
"Arthur Chin","List_of_Peruvian_Americans"
"Cesar Conde","List_of_Peruvian_Americans"
"Roberto Eyzaguirre","List_of_Peruvian_Americans"
"Kenny Florian","List_of_Peruvian_Americans"
"Gabriela Lena Frank","List_of_Peruvian_Americans"
"Robert Garcia","List_of_Peruvian_Americans"
"Richard Green","List_of_Peruvian_Americans"
"Kathleen Herles","List_of_Peruvian_Americans"
"Josh Keaton","List_of_Peruvian_Americans"
"Q'orianka Kilcher","List_of_Peruvian_Americans"
"Alex Kuczynski","List_of_Peruvian_Americans"
"Pedro Pablo Kuczynski","List_of_Peruvian_Americans"
"Pedro Pablo León","List_of_Peruvian_Americans"
"Isabela Moner","List_of_Peruvian_Americans"
"Adele Morales","List_of_Peruvian_Americans"
"Carlos I. Noriega","List_of_Peruvian_Americans"
"Alex Olmedo","List_of_Peruvian_Americans"
"Luis Palomino","List_of_Peruvian_Americans"
"Edgar Prado","List_of_Peruvian_Americans"
"Plavka","List_of_Peruvian_Americans"
"Susana Raab","List_of_Peruvian_Americans"
"Kat Reeder","List_of_Peruvian_Americans"
"Ginger Reyes","List_of_Peruvian_Americans"
"Alex Rivera","List_of_Peruvian_Americans"
"Wenceslaus Sarmiento","List_of_Peruvian_Americans"
"Carmen Giménez Smith","List_of_Peruvian_Americans"
"Tony Succar","List_of_Peruvian_Americans"
"Yma Sumac","List_of_Peruvian_Americans"
"Immortal Technique","List_of_Peruvian_Americans"
"Thes One","List_of_Peruvian_Americans"
"Mario Testino","List_of_Peruvian_Americans"
"Daniel Tuccio","List_of_Peruvian_Americans"
"David Utrilla","List_of_Peruvian_Americans"
"Jose Valdivia","List_of_Peruvian_Americans"
"Carlos De Valdez","List_of_Peruvian_Americans"
"Boris Vallejo","List_of_Peruvian_Americans"
"Jaime Bayly","List_of_Peruvian_Americans"
"Alberto Vargas","List_of_Peruvian_Americans"
"Barton Zwiebach","List_of_Peruvian_Americans"
"Cuban","List_of_Peruvian_Americans"
"Dominican","List_of_Peruvian_Americans"
"Puerto Rican","List_of_Peruvian_Americans"
"Nuyorican","List_of_Peruvian_Americans"
"Hispano","List_of_Peruvian_Americans"
"Californio","List_of_Peruvian_Americans"
"Nuevomexicano","List_of_Peruvian_Americans"
"Tejano","List_of_Peruvian_Americans"
"Creoles of Louisiana","List_of_Peruvian_Americans"
"Isleño","List_of_Peruvian_Americans"
"Mexican","List_of_Peruvian_Americans"
"Chicano","List_of_Peruvian_Americans"
"Indigenous Mexican","List_of_Peruvian_Americans"
"Punjabi","List_of_Peruvian_Americans"
"Costa Rican","List_of_Peruvian_Americans"
"Guatemalan","List_of_Peruvian_Americans"
"Honduran","List_of_Peruvian_Americans"
"Nicaraguan","List_of_Peruvian_Americans"
"Panamanian","List_of_Peruvian_Americans"
"Salvadoran","List_of_Peruvian_Americans"
"Argentine","List_of_Peruvian_Americans"
"Bolivian","List_of_Peruvian_Americans"
"Brazilian","List_of_Peruvian_Americans"
"Chilean","List_of_Peruvian_Americans"
"Colombian","List_of_Peruvian_Americans"
"Ecuadorian","List_of_Peruvian_Americans"
"Paraguayan","List_of_Peruvian_Americans"
"Uruguayan","List_of_Peruvian_Americans"
"Venezuelan","List_of_Peruvian_Americans"
"Spanish","List_of_Peruvian_Americans"
"Asturian","List_of_Peruvian_Americans"
"Basque","List_of_Peruvian_Americans"
"Catalan","List_of_Peruvian_Americans"
"Canarian","List_of_Peruvian_Americans"
"Galician","List_of_Peruvian_Americans"
"Jews","List_of_Peruvian_Americans"
"All groups","List_of_Peruvian_Americans"
"Amerindian","List_of_Peruvian_Americans"
"Asian","List_of_Peruvian_Americans"
"Punjabi","List_of_Peruvian_Americans"
"Black","List_of_Peruvian_Americans"
"White","List_of_Peruvian_Americans"
"Multiracial","List_of_Peruvian_Americans"
"Quadroon","List_of_Peruvian_Americans"
"Castizo","List_of_Peruvian_Americans"
"Mestizo","List_of_Peruvian_Americans"
"Mulatto","List_of_Peruvian_Americans"
"Pardo","List_of_Peruvian_Americans"
"Zambo","List_of_Peruvian_Americans"
"American English","List_of_Peruvian_Americans"
"Chicano","List_of_Peruvian_Americans"
"New Mexican","List_of_Peruvian_Americans"
"New York Latino","List_of_Peruvian_Americans"
"Spanish","List_of_Peruvian_Americans"
"New Mexican Spanish","List_of_Peruvian_Americans"
"Spanglish","List_of_Peruvian_Americans"
"Portuguese","List_of_Peruvian_Americans"
"Christians","List_of_Peruvian_Americans"
"Garifuna","List_of_Peruvian_Americans"
"Jews","List_of_Peruvian_Americans"
"Muslims","List_of_Peruvian_Americans"
"Belizean","List_of_Peruvian_Americans"
"Filipino","List_of_Peruvian_Americans"
"Guyanese","List_of_Peruvian_Americans"
"Haitian","List_of_Peruvian_Americans"
"Portuguese","List_of_Peruvian_Americans"
"Surinamese","List_of_Peruvian_Americans"
"Australia","List_of_Peruvian_Americans"
"Brazil","List_of_Peruvian_Americans"
"Canada","List_of_Peruvian_Americans"
"Chile","List_of_Peruvian_Americans"
"France","List_of_Peruvian_Americans"
"Italy","List_of_Peruvian_Americans"
"Japan","List_of_Peruvian_Americans"
"Spain","List_of_Peruvian_Americans"
"United Kingdom","List_of_Peruvian_Americans"
"United States","List_of_Peruvian_Americans"
"Uruguay","List_of_Peruvian_Americans"
"Hispanic and Latino American","List_of_Peruvian_Americans"
